<?xml version="1.0" encoding="utf-8" ?>
<ModelInfo version="1.1" guid="{d10fec52-4500-4b1f-8c23-dac3f305b3a8}">
	<LODS>
		<LOD minSize="80" ModelFile="Pilot_Otto_Pilot_LOD00.gltf">
		</LOD>
	</LODS>
	
	<Animation guid="e4e0d3f9-1260-4383-b855-052e0ed45427" length="200" name="OTTO_POSE1" type="Standard"/>
	<Animation guid="15581239-413b-40d7-a0d6-150f81b6c60c" length="100" name="OTTO_POSE2" type="Standard"/>
	<Animation guid="ecd307d1-a738-45fa-9edc-c6dce7c02e85" length="100" name="OTTO_PANIC" type="Standard"/>
	
	<Animgraph>
		
		<DefaultState name="OTTO_POSE1"/>
		
		<BlendTreeState name="OTTO_POSE1">
		  <Animations>
			<Animation guid="e4e0d3f9-1260-4383-b855-052e0ed45427" loop ="True" speed="1"/>
		  </Animations>		  
		</BlendTreeState>
		
		<BlendTreeState name="OTTO_POSE2">
		  <Animations>
			<Animation guid="15581239-413b-40d7-a0d6-150f81b6c60c" loop ="True" speed="1"/>
		  </Animations>		  
		</BlendTreeState>
		
		<BlendTreeState name="OTTO_PANIC">
		  <Animations>
			<Animation guid="ecd307d1-a738-45fa-9edc-c6dce7c02e85" loop ="True" speed="1"/>
		  </Animations>		  
		</BlendTreeState>
		
		<!-- Transitions -->
		
			<Transition name="OTTO_POSE1 to OTTO_PANIC" start="OTTO_POSE1" end ="OTTO_PANIC" duration="0.5">
			  <Condition>
				(A:STALL WARNING, BOOL)
			  </Condition>
			</Transition>
		
			<!--<Transition name="OTTO_POSE1 to OTTO_PANIC" start="OTTO_POSE1" end ="OTTO_PANIC" duration="0.5">
			  <Condition>
				(A:STALL WARNING:1, BOOLEAN) 0 &gt; if{ 1 } els{ 0 }
			  </Condition>
			</Transition>-->
			
	</AnimGraph>
	
</ModelInfo>